{
  "policy": "IL_Expert",
  "action_accuracy": 1.0,
  "num_steps": 3222,
  "num_episodes": 85,
  "avg_episode_reward": 8.620942115783691,
  "std_episode_reward": 0.14447163045406342
}